cell_id,lon_centroid,lat_centroid
83,19.625,-34.625
84,19.875,-34.625
85,20.125,-34.625
149,19.125,-34.375
150,19.375,-34.375
151,19.625,-34.375
152,19.875,-34.375
153,20.125,-34.375
154,20.375,-34.375
155,20.625,-34.375
156,20.875,-34.375
157,21.125,-34.375
158,21.375,-34.375
159,21.625,-34.375
214,18.375,-34.125
216,18.875,-34.125
217,19.125,-34.125
218,19.375,-34.125
219,19.625,-34.125
220,19.875,-34.125
221,20.125,-34.125
222,20.375,-34.125
223,20.625,-34.125
224,20.875,-34.125
225,21.125,-34.125
226,21.375,-34.125
227,21.625,-34.125
228,21.875,-34.125
239,24.625,-34.125
283,18.625,-33.875
284,18.875,-33.875
285,19.125,-33.875
286,19.375,-33.875
287,19.625,-33.875
288,19.875,-33.875
289,20.125,-33.875
290,20.375,-33.875
291,20.625,-33.875
292,20.875,-33.875
293,21.125,-33.875
294,21.375,-33.875
295,21.625,-33.875
296,21.875,-33.875
297,22.125,-33.875
298,22.375,-33.875
299,22.625,-33.875
300,22.875,-33.875
301,23.125,-33.875
302,23.375,-33.875
303,23.625,-33.875
304,23.875,-33.875
305,24.125,-33.875
306,24.375,-33.875
307,24.625,-33.875
308,24.875,-33.875
309,25.125,-33.875
310,25.375,-33.875
311,25.625,-33.875
351,18.625,-33.625
352,18.875,-33.625
353,19.125,-33.625
354,19.375,-33.625
355,19.625,-33.625
356,19.875,-33.625
357,20.125,-33.625
358,20.375,-33.625
359,20.625,-33.625
360,20.875,-33.625
361,21.125,-33.625
362,21.375,-33.625
363,21.625,-33.625
364,21.875,-33.625
365,22.125,-33.625
366,22.375,-33.625
367,22.625,-33.625
368,22.875,-33.625
369,23.125,-33.625
370,23.375,-33.625
371,23.625,-33.625
372,23.875,-33.625
373,24.125,-33.625
374,24.375,-33.625
375,24.625,-33.625
376,24.875,-33.625
377,25.125,-33.625
378,25.375,-33.625
379,25.625,-33.625
380,25.875,-33.625
381,26.125,-33.625
382,26.375,-33.625
383,26.625,-33.625
418,18.375,-33.375
419,18.625,-33.375
420,18.875,-33.375
421,19.125,-33.375
422,19.375,-33.375
423,19.625,-33.375
424,19.875,-33.375
425,20.125,-33.375
426,20.375,-33.375
427,20.625,-33.375
428,20.875,-33.375
429,21.125,-33.375
430,21.375,-33.375
431,21.625,-33.375
432,21.875,-33.375
433,22.125,-33.375
434,22.375,-33.375
435,22.625,-33.375
436,22.875,-33.375
437,23.125,-33.375
438,23.375,-33.375
439,23.625,-33.375
440,23.875,-33.375
441,24.125,-33.375
442,24.375,-33.375
443,24.625,-33.375
444,24.875,-33.375
445,25.125,-33.375
446,25.375,-33.375
447,25.625,-33.375
448,25.875,-33.375
449,26.125,-33.375
450,26.375,-33.375
451,26.625,-33.375
452,26.875,-33.375
453,27.125,-33.375
485,18.125,-33.125
486,18.375,-33.125
487,18.625,-33.125
488,18.875,-33.125
489,19.125,-33.125
490,19.375,-33.125
491,19.625,-33.125
492,19.875,-33.125
493,20.125,-33.125
494,20.375,-33.125
495,20.625,-33.125
496,20.875,-33.125
497,21.125,-33.125
498,21.375,-33.125
499,21.625,-33.125
500,21.875,-33.125
501,22.125,-33.125
502,22.375,-33.125
503,22.625,-33.125
504,22.875,-33.125
505,23.125,-33.125
506,23.375,-33.125
507,23.625,-33.125
508,23.875,-33.125
509,24.125,-33.125
510,24.375,-33.125
511,24.625,-33.125
512,24.875,-33.125
513,25.125,-33.125
514,25.375,-33.125
515,25.625,-33.125
516,25.875,-33.125
517,26.125,-33.125
518,26.375,-33.125
519,26.625,-33.125
520,26.875,-33.125
521,27.125,-33.125
522,27.375,-33.125
523,27.625,-33.125
553,18.125,-32.875
554,18.375,-32.875
555,18.625,-32.875
556,18.875,-32.875
557,19.125,-32.875
558,19.375,-32.875
559,19.625,-32.875
560,19.875,-32.875
561,20.125,-32.875
562,20.375,-32.875
563,20.625,-32.875
564,20.875,-32.875
565,21.125,-32.875
566,21.375,-32.875
567,21.625,-32.875
568,21.875,-32.875
569,22.125,-32.875
570,22.375,-32.875
571,22.625,-32.875
572,22.875,-32.875
573,23.125,-32.875
574,23.375,-32.875
575,23.625,-32.875
576,23.875,-32.875
577,24.125,-32.875
578,24.375,-32.875
579,24.625,-32.875
580,24.875,-32.875
581,25.125,-32.875
582,25.375,-32.875
583,25.625,-32.875
584,25.875,-32.875
585,26.125,-32.875
586,26.375,-32.875
587,26.625,-32.875
588,26.875,-32.875
589,27.125,-32.875
590,27.375,-32.875
591,27.625,-32.875
592,27.875,-32.875
622,18.375,-32.625
623,18.625,-32.625
624,18.875,-32.625
625,19.125,-32.625
626,19.375,-32.625
627,19.625,-32.625
628,19.875,-32.625
629,20.125,-32.625
630,20.375,-32.625
631,20.625,-32.625
632,20.875,-32.625
633,21.125,-32.625
634,21.375,-32.625
635,21.625,-32.625
636,21.875,-32.625
637,22.125,-32.625
638,22.375,-32.625
639,22.625,-32.625
640,22.875,-32.625
641,23.125,-32.625
642,23.375,-32.625
643,23.625,-32.625
644,23.875,-32.625
645,24.125,-32.625
646,24.375,-32.625
647,24.625,-32.625
648,24.875,-32.625
649,25.125,-32.625
650,25.375,-32.625
651,25.625,-32.625
652,25.875,-32.625
653,26.125,-32.625
654,26.375,-32.625
655,26.625,-32.625
656,26.875,-32.625
657,27.125,-32.625
658,27.375,-32.625
659,27.625,-32.625
660,27.875,-32.625
661,28.125,-32.625
662,28.375,-32.625
690,18.375,-32.375
691,18.625,-32.375
692,18.875,-32.375
693,19.125,-32.375
694,19.375,-32.375
695,19.625,-32.375
696,19.875,-32.375
697,20.125,-32.375
698,20.375,-32.375
699,20.625,-32.375
700,20.875,-32.375
701,21.125,-32.375
702,21.375,-32.375
703,21.625,-32.375
704,21.875,-32.375
705,22.125,-32.375
706,22.375,-32.375
707,22.625,-32.375
708,22.875,-32.375
709,23.125,-32.375
710,23.375,-32.375
711,23.625,-32.375
712,23.875,-32.375
713,24.125,-32.375
714,24.375,-32.375
715,24.625,-32.375
716,24.875,-32.375
717,25.125,-32.375
718,25.375,-32.375
719,25.625,-32.375
720,25.875,-32.375
721,26.125,-32.375
722,26.375,-32.375
723,26.625,-32.375
724,26.875,-32.375
725,27.125,-32.375
726,27.375,-32.375
727,27.625,-32.375
728,27.875,-32.375
729,28.125,-32.375
730,28.375,-32.375
731,28.625,-32.375
758,18.375,-32.125
759,18.625,-32.125
760,18.875,-32.125
761,19.125,-32.125
762,19.375,-32.125
763,19.625,-32.125
764,19.875,-32.125
765,20.125,-32.125
766,20.375,-32.125
767,20.625,-32.125
768,20.875,-32.125
769,21.125,-32.125
770,21.375,-32.125
771,21.625,-32.125
772,21.875,-32.125
773,22.125,-32.125
774,22.375,-32.125
775,22.625,-32.125
776,22.875,-32.125
777,23.125,-32.125
778,23.375,-32.125
779,23.625,-32.125
780,23.875,-32.125
781,24.125,-32.125
782,24.375,-32.125
783,24.625,-32.125
784,24.875,-32.125
785,25.125,-32.125
786,25.375,-32.125
787,25.625,-32.125
788,25.875,-32.125
789,26.125,-32.125
790,26.375,-32.125
791,26.625,-32.125
792,26.875,-32.125
793,27.125,-32.125
794,27.375,-32.125
795,27.625,-32.125
796,27.875,-32.125
797,28.125,-32.125
798,28.375,-32.125
799,28.625,-32.125
800,28.875,-32.125
826,18.375,-31.875
827,18.625,-31.875
828,18.875,-31.875
829,19.125,-31.875
830,19.375,-31.875
831,19.625,-31.875
832,19.875,-31.875
833,20.125,-31.875
834,20.375,-31.875
835,20.625,-31.875
836,20.875,-31.875
837,21.125,-31.875
838,21.375,-31.875
839,21.625,-31.875
840,21.875,-31.875
841,22.125,-31.875
842,22.375,-31.875
843,22.625,-31.875
844,22.875,-31.875
845,23.125,-31.875
846,23.375,-31.875
847,23.625,-31.875
848,23.875,-31.875
849,24.125,-31.875
850,24.375,-31.875
851,24.625,-31.875
852,24.875,-31.875
853,25.125,-31.875
854,25.375,-31.875
855,25.625,-31.875
856,25.875,-31.875
857,26.125,-31.875
858,26.375,-31.875
859,26.625,-31.875
860,26.875,-31.875
861,27.125,-31.875
862,27.375,-31.875
863,27.625,-31.875
864,27.875,-31.875
865,28.125,-31.875
866,28.375,-31.875
867,28.625,-31.875
868,28.875,-31.875
869,29.125,-31.875
894,18.375,-31.625
895,18.625,-31.625
896,18.875,-31.625
897,19.125,-31.625
898,19.375,-31.625
899,19.625,-31.625
900,19.875,-31.625
901,20.125,-31.625
902,20.375,-31.625
903,20.625,-31.625
904,20.875,-31.625
905,21.125,-31.625
906,21.375,-31.625
907,21.625,-31.625
908,21.875,-31.625
909,22.125,-31.625
910,22.375,-31.625
911,22.625,-31.625
912,22.875,-31.625
913,23.125,-31.625
914,23.375,-31.625
915,23.625,-31.625
916,23.875,-31.625
917,24.125,-31.625
918,24.375,-31.625
919,24.625,-31.625
920,24.875,-31.625
921,25.125,-31.625
922,25.375,-31.625
923,25.625,-31.625
924,25.875,-31.625
925,26.125,-31.625
926,26.375,-31.625
927,26.625,-31.625
928,26.875,-31.625
929,27.125,-31.625
930,27.375,-31.625
931,27.625,-31.625
932,27.875,-31.625
933,28.125,-31.625
934,28.375,-31.625
935,28.625,-31.625
936,28.875,-31.625
937,29.125,-31.625
938,29.375,-31.625
961,18.125,-31.375
962,18.375,-31.375
963,18.625,-31.375
964,18.875,-31.375
965,19.125,-31.375
966,19.375,-31.375
967,19.625,-31.375
968,19.875,-31.375
969,20.125,-31.375
970,20.375,-31.375
971,20.625,-31.375
972,20.875,-31.375
973,21.125,-31.375
974,21.375,-31.375
975,21.625,-31.375
976,21.875,-31.375
977,22.125,-31.375
978,22.375,-31.375
979,22.625,-31.375
980,22.875,-31.375
981,23.125,-31.375
982,23.375,-31.375
983,23.625,-31.375
984,23.875,-31.375
985,24.125,-31.375
986,24.375,-31.375
987,24.625,-31.375
988,24.875,-31.375
989,25.125,-31.375
990,25.375,-31.375
991,25.625,-31.375
992,25.875,-31.375
993,26.125,-31.375
994,26.375,-31.375
995,26.625,-31.375
996,26.875,-31.375
997,27.125,-31.375
998,27.375,-31.375
999,27.625,-31.375
1000,27.875,-31.375
1001,28.125,-31.375
1002,28.375,-31.375
1003,28.625,-31.375
1004,28.875,-31.375
1005,29.125,-31.375
1006,29.375,-31.375
1007,29.625,-31.375
1008,29.875,-31.375
1028,17.875,-31.125
1029,18.125,-31.125
1030,18.375,-31.125
1031,18.625,-31.125
1032,18.875,-31.125
1033,19.125,-31.125
1034,19.375,-31.125
1035,19.625,-31.125
1036,19.875,-31.125
1037,20.125,-31.125
1038,20.375,-31.125
1039,20.625,-31.125
1040,20.875,-31.125
1041,21.125,-31.125
1042,21.375,-31.125
1043,21.625,-31.125
1044,21.875,-31.125
1045,22.125,-31.125
1046,22.375,-31.125
1047,22.625,-31.125
1048,22.875,-31.125
1049,23.125,-31.125
1050,23.375,-31.125
1051,23.625,-31.125
1052,23.875,-31.125
1053,24.125,-31.125
1054,24.375,-31.125
1055,24.625,-31.125
1056,24.875,-31.125
1057,25.125,-31.125
1058,25.375,-31.125
1059,25.625,-31.125
1060,25.875,-31.125
1061,26.125,-31.125
1062,26.375,-31.125
1063,26.625,-31.125
1064,26.875,-31.125
1065,27.125,-31.125
1066,27.375,-31.125
1067,27.625,-31.125
1068,27.875,-31.125
1069,28.125,-31.125
1070,28.375,-31.125
1071,28.625,-31.125
1072,28.875,-31.125
1073,29.125,-31.125
1074,29.375,-31.125
1075,29.625,-31.125
1076,29.875,-31.125
1077,30.125,-31.125
1095,17.625,-30.875
1096,17.875,-30.875
1097,18.125,-30.875
1098,18.375,-30.875
1099,18.625,-30.875
1100,18.875,-30.875
1101,19.125,-30.875
1102,19.375,-30.875
1103,19.625,-30.875
1104,19.875,-30.875
1105,20.125,-30.875
1106,20.375,-30.875
1107,20.625,-30.875
1108,20.875,-30.875
1109,21.125,-30.875
1110,21.375,-30.875
1111,21.625,-30.875
1112,21.875,-30.875
1113,22.125,-30.875
1114,22.375,-30.875
1115,22.625,-30.875
1116,22.875,-30.875
1117,23.125,-30.875
1118,23.375,-30.875
1119,23.625,-30.875
1120,23.875,-30.875
1121,24.125,-30.875
1122,24.375,-30.875
1123,24.625,-30.875
1124,24.875,-30.875
1125,25.125,-30.875
1126,25.375,-30.875
1127,25.625,-30.875
1128,25.875,-30.875
1129,26.125,-30.875
1130,26.375,-30.875
1131,26.625,-30.875
1132,26.875,-30.875
1133,27.125,-30.875
1134,27.375,-30.875
1135,27.625,-30.875
1136,27.875,-30.875
1137,28.125,-30.875
1138,28.375,-30.875
1139,28.625,-30.875
1140,28.875,-30.875
1141,29.125,-30.875
1142,29.375,-30.875
1143,29.625,-30.875
1144,29.875,-30.875
1145,30.125,-30.875
1163,17.625,-30.625
1164,17.875,-30.625
1165,18.125,-30.625
1166,18.375,-30.625
1167,18.625,-30.625
1168,18.875,-30.625
1169,19.125,-30.625
1170,19.375,-30.625
1171,19.625,-30.625
1172,19.875,-30.625
1173,20.125,-30.625
1174,20.375,-30.625
1175,20.625,-30.625
1176,20.875,-30.625
1177,21.125,-30.625
1178,21.375,-30.625
1179,21.625,-30.625
1180,21.875,-30.625
1181,22.125,-30.625
1182,22.375,-30.625
1183,22.625,-30.625
1184,22.875,-30.625
1185,23.125,-30.625
1186,23.375,-30.625
1187,23.625,-30.625
1188,23.875,-30.625
1189,24.125,-30.625
1190,24.375,-30.625
1191,24.625,-30.625
1192,24.875,-30.625
1193,25.125,-30.625
1194,25.375,-30.625
1195,25.625,-30.625
1196,25.875,-30.625
1197,26.125,-30.625
1198,26.375,-30.625
1199,26.625,-30.625
1200,26.875,-30.625
1201,27.125,-30.625
1202,27.375,-30.625
1203,27.625,-30.625
1204,27.875,-30.625
1205,28.125,-30.625
1206,28.375,-30.625
1207,28.625,-30.625
1208,28.875,-30.625
1209,29.125,-30.625
1210,29.375,-30.625
1211,29.625,-30.625
1212,29.875,-30.625
1213,30.125,-30.625
1214,30.375,-30.625
1230,17.375,-30.375
1231,17.625,-30.375
1232,17.875,-30.375
1233,18.125,-30.375
1234,18.375,-30.375
1235,18.625,-30.375
1236,18.875,-30.375
1237,19.125,-30.375
1238,19.375,-30.375
1239,19.625,-30.375
1240,19.875,-30.375
1241,20.125,-30.375
1242,20.375,-30.375
1243,20.625,-30.375
1244,20.875,-30.375
1245,21.125,-30.375
1246,21.375,-30.375
1247,21.625,-30.375
1248,21.875,-30.375
1249,22.125,-30.375
1250,22.375,-30.375
1251,22.625,-30.375
1252,22.875,-30.375
1253,23.125,-30.375
1254,23.375,-30.375
1255,23.625,-30.375
1256,23.875,-30.375
1257,24.125,-30.375
1258,24.375,-30.375
1259,24.625,-30.375
1260,24.875,-30.375
1261,25.125,-30.375
1262,25.375,-30.375
1263,25.625,-30.375
1264,25.875,-30.375
1265,26.125,-30.375
1266,26.375,-30.375
1267,26.625,-30.375
1268,26.875,-30.375
1269,27.125,-30.375
1270,27.375,-30.375
1274,28.375,-30.375
1275,28.625,-30.375
1276,28.875,-30.375
1277,29.125,-30.375
1278,29.375,-30.375
1279,29.625,-30.375
1280,29.875,-30.375
1281,30.125,-30.375
1282,30.375,-30.375
1283,30.625,-30.375
1298,17.375,-30.125
1299,17.625,-30.125
1300,17.875,-30.125
1301,18.125,-30.125
1302,18.375,-30.125
1303,18.625,-30.125
1304,18.875,-30.125
1305,19.125,-30.125
1306,19.375,-30.125
1307,19.625,-30.125
1308,19.875,-30.125
1309,20.125,-30.125
1310,20.375,-30.125
1311,20.625,-30.125
1312,20.875,-30.125
1313,21.125,-30.125
1314,21.375,-30.125
1315,21.625,-30.125
1316,21.875,-30.125
1317,22.125,-30.125
1318,22.375,-30.125
1319,22.625,-30.125
1320,22.875,-30.125
1321,23.125,-30.125
1322,23.375,-30.125
1323,23.625,-30.125
1324,23.875,-30.125
1325,24.125,-30.125
1326,24.375,-30.125
1327,24.625,-30.125
1328,24.875,-30.125
1329,25.125,-30.125
1330,25.375,-30.125
1331,25.625,-30.125
1332,25.875,-30.125
1333,26.125,-30.125
1334,26.375,-30.125
1335,26.625,-30.125
1336,26.875,-30.125
1337,27.125,-30.125
1344,28.875,-30.125
1345,29.125,-30.125
1346,29.375,-30.125
1347,29.625,-30.125
1348,29.875,-30.125
1349,30.125,-30.125
1350,30.375,-30.125
1351,30.625,-30.125
1365,17.125,-29.875
1366,17.375,-29.875
1367,17.625,-29.875
1368,17.875,-29.875
1369,18.125,-29.875
1370,18.375,-29.875
1371,18.625,-29.875
1372,18.875,-29.875
1373,19.125,-29.875
1374,19.375,-29.875
1375,19.625,-29.875
1376,19.875,-29.875
1377,20.125,-29.875
1378,20.375,-29.875
1379,20.625,-29.875
1380,20.875,-29.875
1381,21.125,-29.875
1382,21.375,-29.875
1383,21.625,-29.875
1384,21.875,-29.875
1385,22.125,-29.875
1386,22.375,-29.875
1387,22.625,-29.875
1388,22.875,-29.875
1389,23.125,-29.875
1390,23.375,-29.875
1391,23.625,-29.875
1392,23.875,-29.875
1393,24.125,-29.875
1394,24.375,-29.875
1395,24.625,-29.875
1396,24.875,-29.875
1397,25.125,-29.875
1398,25.375,-29.875
1399,25.625,-29.875
1400,25.875,-29.875
1401,26.125,-29.875
1402,26.375,-29.875
1403,26.625,-29.875
1404,26.875,-29.875
1405,27.125,-29.875
1414,29.375,-29.875
1415,29.625,-29.875
1416,29.875,-29.875
1417,30.125,-29.875
1418,30.375,-29.875
1419,30.625,-29.875
1420,30.875,-29.875
1433,17.125,-29.625
1434,17.375,-29.625
1435,17.625,-29.625
1436,17.875,-29.625
1437,18.125,-29.625
1438,18.375,-29.625
1439,18.625,-29.625
1440,18.875,-29.625
1441,19.125,-29.625
1442,19.375,-29.625
1443,19.625,-29.625
1444,19.875,-29.625
1445,20.125,-29.625
1446,20.375,-29.625
1447,20.625,-29.625
1448,20.875,-29.625
1449,21.125,-29.625
1450,21.375,-29.625
1451,21.625,-29.625
1452,21.875,-29.625
1453,22.125,-29.625
1454,22.375,-29.625
1455,22.625,-29.625
1456,22.875,-29.625
1457,23.125,-29.625
1458,23.375,-29.625
1459,23.625,-29.625
1460,23.875,-29.625
1461,24.125,-29.625
1462,24.375,-29.625
1463,24.625,-29.625
1464,24.875,-29.625
1465,25.125,-29.625
1466,25.375,-29.625
1467,25.625,-29.625
1468,25.875,-29.625
1469,26.125,-29.625
1470,26.375,-29.625
1471,26.625,-29.625
1472,26.875,-29.625
1482,29.375,-29.625
1483,29.625,-29.625
1484,29.875,-29.625
1485,30.125,-29.625
1486,30.375,-29.625
1487,30.625,-29.625
1488,30.875,-29.625
1489,31.125,-29.625
1501,17.125,-29.375
1502,17.375,-29.375
1503,17.625,-29.375
1504,17.875,-29.375
1505,18.125,-29.375
1506,18.375,-29.375
1507,18.625,-29.375
1508,18.875,-29.375
1509,19.125,-29.375
1510,19.375,-29.375
1511,19.625,-29.375
1512,19.875,-29.375
1513,20.125,-29.375
1514,20.375,-29.375
1515,20.625,-29.375
1516,20.875,-29.375
1517,21.125,-29.375
1518,21.375,-29.375
1519,21.625,-29.375
1520,21.875,-29.375
1521,22.125,-29.375
1522,22.375,-29.375
1523,22.625,-29.375
1524,22.875,-29.375
1525,23.125,-29.375
1526,23.375,-29.375
1527,23.625,-29.375
1528,23.875,-29.375
1529,24.125,-29.375
1530,24.375,-29.375
1531,24.625,-29.375
1532,24.875,-29.375
1533,25.125,-29.375
1534,25.375,-29.375
1535,25.625,-29.375
1536,25.875,-29.375
1537,26.125,-29.375
1538,26.375,-29.375
1539,26.625,-29.375
1540,26.875,-29.375
1541,27.125,-29.375
1542,27.375,-29.375
1551,29.625,-29.375
1552,29.875,-29.375
1553,30.125,-29.375
1554,30.375,-29.375
1555,30.625,-29.375
1556,30.875,-29.375
1557,31.125,-29.375
1568,16.875,-29.125
1569,17.125,-29.125
1570,17.375,-29.125
1571,17.625,-29.125
1572,17.875,-29.125
1573,18.125,-29.125
1574,18.375,-29.125
1575,18.625,-29.125
1576,18.875,-29.125
1577,19.125,-29.125
1578,19.375,-29.125
1579,19.625,-29.125
1580,19.875,-29.125
1581,20.125,-29.125
1582,20.375,-29.125
1583,20.625,-29.125
1584,20.875,-29.125
1585,21.125,-29.125
1586,21.375,-29.125
1587,21.625,-29.125
1588,21.875,-29.125
1589,22.125,-29.125
1590,22.375,-29.125
1591,22.625,-29.125
1592,22.875,-29.125
1593,23.125,-29.125
1594,23.375,-29.125
1595,23.625,-29.125
1596,23.875,-29.125
1597,24.125,-29.125
1598,24.375,-29.125
1599,24.625,-29.125
1600,24.875,-29.125
1601,25.125,-29.125
1602,25.375,-29.125
1603,25.625,-29.125
1604,25.875,-29.125
1605,26.125,-29.125
1606,26.375,-29.125
1607,26.625,-29.125
1608,26.875,-29.125
1609,27.125,-29.125
1610,27.375,-29.125
1611,27.625,-29.125
1618,29.375,-29.125
1619,29.625,-29.125
1620,29.875,-29.125
1621,30.125,-29.125
1622,30.375,-29.125
1623,30.625,-29.125
1624,30.875,-29.125
1625,31.125,-29.125
1626,31.375,-29.125
1635,16.625,-28.875
1636,16.875,-28.875
1637,17.125,-28.875
1638,17.375,-28.875
1639,17.625,-28.875
1640,17.875,-28.875
1643,18.625,-28.875
1644,18.875,-28.875
1646,19.375,-28.875
1647,19.625,-28.875
1648,19.875,-28.875
1649,20.125,-28.875
1650,20.375,-28.875
1651,20.625,-28.875
1652,20.875,-28.875
1653,21.125,-28.875
1654,21.375,-28.875
1655,21.625,-28.875
1656,21.875,-28.875
1657,22.125,-28.875
1658,22.375,-28.875
1659,22.625,-28.875
1660,22.875,-28.875
1661,23.125,-28.875
1662,23.375,-28.875
1663,23.625,-28.875
1664,23.875,-28.875
1665,24.125,-28.875
1666,24.375,-28.875
1667,24.625,-28.875
1668,24.875,-28.875
1669,25.125,-28.875
1670,25.375,-28.875
1671,25.625,-28.875
1672,25.875,-28.875
1673,26.125,-28.875
1674,26.375,-28.875
1675,26.625,-28.875
1676,26.875,-28.875
1677,27.125,-28.875
1678,27.375,-28.875
1679,27.625,-28.875
1680,27.875,-28.875
1685,29.125,-28.875
1686,29.375,-28.875
1687,29.625,-28.875
1688,29.875,-28.875
1689,30.125,-28.875
1690,30.375,-28.875
1691,30.625,-28.875
1692,30.875,-28.875
1693,31.125,-28.875
1694,31.375,-28.875
1695,31.625,-28.875
1696,31.875,-28.875
1703,16.625,-28.625
1704,16.875,-28.625
1705,17.125,-28.625
1706,17.375,-28.625
1715,19.625,-28.625
1716,19.875,-28.625
1717,20.125,-28.625
1718,20.375,-28.625
1719,20.625,-28.625
1720,20.875,-28.625
1721,21.125,-28.625
1722,21.375,-28.625
1723,21.625,-28.625
1724,21.875,-28.625
1725,22.125,-28.625
1726,22.375,-28.625
1727,22.625,-28.625
1728,22.875,-28.625
1729,23.125,-28.625
1730,23.375,-28.625
1731,23.625,-28.625
1732,23.875,-28.625
1733,24.125,-28.625
1734,24.375,-28.625
1735,24.625,-28.625
1736,24.875,-28.625
1737,25.125,-28.625
1738,25.375,-28.625
1739,25.625,-28.625
1740,25.875,-28.625
1741,26.125,-28.625
1742,26.375,-28.625
1743,26.625,-28.625
1744,26.875,-28.625
1745,27.125,-28.625
1746,27.375,-28.625
1747,27.625,-28.625
1748,27.875,-28.625
1749,28.125,-28.625
1750,28.375,-28.625
1752,28.875,-28.625
1753,29.125,-28.625
1754,29.375,-28.625
1755,29.625,-28.625
1756,29.875,-28.625
1757,30.125,-28.625
1758,30.375,-28.625
1759,30.625,-28.625
1760,30.875,-28.625
1761,31.125,-28.625
1762,31.375,-28.625
1763,31.625,-28.625
1764,31.875,-28.625
1765,32.125,-28.625
1772,16.875,-28.375
1773,17.125,-28.375
1774,17.375,-28.375
1785,20.125,-28.375
1786,20.375,-28.375
1787,20.625,-28.375
1788,20.875,-28.375
1789,21.125,-28.375
1790,21.375,-28.375
1791,21.625,-28.375
1792,21.875,-28.375
1793,22.125,-28.375
1794,22.375,-28.375
1795,22.625,-28.375
1796,22.875,-28.375
1797,23.125,-28.375
1798,23.375,-28.375
1799,23.625,-28.375
1800,23.875,-28.375
1801,24.125,-28.375
1802,24.375,-28.375
1803,24.625,-28.375
1804,24.875,-28.375
1805,25.125,-28.375
1806,25.375,-28.375
1807,25.625,-28.375
1808,25.875,-28.375
1809,26.125,-28.375
1810,26.375,-28.375
1811,26.625,-28.375
1812,26.875,-28.375
1813,27.125,-28.375
1814,27.375,-28.375
1815,27.625,-28.375
1816,27.875,-28.375
1817,28.125,-28.375
1818,28.375,-28.375
1819,28.625,-28.375
1820,28.875,-28.375
1821,29.125,-28.375
1822,29.375,-28.375
1823,29.625,-28.375
1824,29.875,-28.375
1825,30.125,-28.375
1826,30.375,-28.375
1827,30.625,-28.375
1828,30.875,-28.375
1829,31.125,-28.375
1830,31.375,-28.375
1831,31.625,-28.375
1832,31.875,-28.375
1833,32.125,-28.375
1834,32.375,-28.375
1841,17.125,-28.125
1853,20.125,-28.125
1854,20.375,-28.125
1855,20.625,-28.125
1856,20.875,-28.125
1857,21.125,-28.125
1858,21.375,-28.125
1859,21.625,-28.125
1860,21.875,-28.125
1861,22.125,-28.125
1862,22.375,-28.125
1863,22.625,-28.125
1864,22.875,-28.125
1865,23.125,-28.125
1866,23.375,-28.125
1867,23.625,-28.125
1868,23.875,-28.125
1869,24.125,-28.125
1870,24.375,-28.125
1871,24.625,-28.125
1872,24.875,-28.125
1873,25.125,-28.125
1874,25.375,-28.125
1875,25.625,-28.125
1876,25.875,-28.125
1877,26.125,-28.125
1878,26.375,-28.125
1879,26.625,-28.125
1880,26.875,-28.125
1881,27.125,-28.125
1882,27.375,-28.125
1883,27.625,-28.125
1884,27.875,-28.125
1885,28.125,-28.125
1886,28.375,-28.125
1887,28.625,-28.125
1888,28.875,-28.125
1889,29.125,-28.125
1890,29.375,-28.125
1891,29.625,-28.125
1892,29.875,-28.125
1893,30.125,-28.125
1894,30.375,-28.125
1895,30.625,-28.125
1896,30.875,-28.125
1897,31.125,-28.125
1898,31.375,-28.125
1899,31.625,-28.125
1900,31.875,-28.125
1901,32.125,-28.125
1902,32.375,-28.125
1921,20.125,-27.875
1922,20.375,-27.875
1923,20.625,-27.875
1924,20.875,-27.875
1925,21.125,-27.875
1926,21.375,-27.875
1927,21.625,-27.875
1928,21.875,-27.875
1929,22.125,-27.875
1930,22.375,-27.875
1931,22.625,-27.875
1932,22.875,-27.875
1933,23.125,-27.875
1934,23.375,-27.875
1935,23.625,-27.875
1936,23.875,-27.875
1937,24.125,-27.875
1938,24.375,-27.875
1939,24.625,-27.875
1940,24.875,-27.875
1941,25.125,-27.875
1942,25.375,-27.875
1943,25.625,-27.875
1944,25.875,-27.875
1945,26.125,-27.875
1946,26.375,-27.875
1947,26.625,-27.875
1948,26.875,-27.875
1949,27.125,-27.875
1950,27.375,-27.875
1951,27.625,-27.875
1952,27.875,-27.875
1953,28.125,-27.875
1954,28.375,-27.875
1955,28.625,-27.875
1956,28.875,-27.875
1957,29.125,-27.875
1958,29.375,-27.875
1959,29.625,-27.875
1960,29.875,-27.875
1961,30.125,-27.875
1962,30.375,-27.875
1963,30.625,-27.875
1964,30.875,-27.875
1965,31.125,-27.875
1966,31.375,-27.875
1967,31.625,-27.875
1968,31.875,-27.875
1969,32.125,-27.875
1970,32.375,-27.875
1989,20.125,-27.625
1990,20.375,-27.625
1991,20.625,-27.625
1992,20.875,-27.625
1993,21.125,-27.625
1994,21.375,-27.625
1995,21.625,-27.625
1996,21.875,-27.625
1997,22.125,-27.625
1998,22.375,-27.625
1999,22.625,-27.625
2000,22.875,-27.625
2001,23.125,-27.625
2002,23.375,-27.625
2003,23.625,-27.625
2004,23.875,-27.625
2005,24.125,-27.625
2006,24.375,-27.625
2007,24.625,-27.625
2008,24.875,-27.625
2009,25.125,-27.625
2010,25.375,-27.625
2011,25.625,-27.625
2012,25.875,-27.625
2013,26.125,-27.625
2014,26.375,-27.625
2015,26.625,-27.625
2016,26.875,-27.625
2017,27.125,-27.625
2018,27.375,-27.625
2019,27.625,-27.625
2020,27.875,-27.625
2021,28.125,-27.625
2022,28.375,-27.625
2023,28.625,-27.625
2024,28.875,-27.625
2025,29.125,-27.625
2026,29.375,-27.625
2027,29.625,-27.625
2028,29.875,-27.625
2029,30.125,-27.625
2030,30.375,-27.625
2031,30.625,-27.625
2032,30.875,-27.625
2033,31.125,-27.625
2034,31.375,-27.625
2035,31.625,-27.625
2036,31.875,-27.625
2037,32.125,-27.625
2038,32.375,-27.625
2039,32.625,-27.625
2057,20.125,-27.375
2058,20.375,-27.375
2059,20.625,-27.375
2060,20.875,-27.375
2061,21.125,-27.375
2062,21.375,-27.375
2063,21.625,-27.375
2064,21.875,-27.375
2065,22.125,-27.375
2066,22.375,-27.375
2067,22.625,-27.375
2068,22.875,-27.375
2069,23.125,-27.375
2070,23.375,-27.375
2071,23.625,-27.375
2072,23.875,-27.375
2073,24.125,-27.375
2074,24.375,-27.375
2075,24.625,-27.375
2076,24.875,-27.375
2077,25.125,-27.375
2078,25.375,-27.375
2079,25.625,-27.375
2080,25.875,-27.375
2081,26.125,-27.375
2082,26.375,-27.375
2083,26.625,-27.375
2084,26.875,-27.375
2085,27.125,-27.375
2086,27.375,-27.375
2087,27.625,-27.375
2088,27.875,-27.375
2089,28.125,-27.375
2090,28.375,-27.375
2091,28.625,-27.375
2092,28.875,-27.375
2093,29.125,-27.375
2094,29.375,-27.375
2095,29.625,-27.375
2096,29.875,-27.375
2097,30.125,-27.375
2098,30.375,-27.375
2099,30.625,-27.375
2100,30.875,-27.375
2101,31.125,-27.375
2102,31.375,-27.375
2103,31.625,-27.375
2104,31.875,-27.375
2105,32.125,-27.375
2106,32.375,-27.375
2107,32.625,-27.375
2125,20.125,-27.125
2126,20.375,-27.125
2127,20.625,-27.125
2128,20.875,-27.125
2129,21.125,-27.125
2130,21.375,-27.125
2131,21.625,-27.125
2132,21.875,-27.125
2133,22.125,-27.125
2134,22.375,-27.125
2135,22.625,-27.125
2136,22.875,-27.125
2137,23.125,-27.125
2138,23.375,-27.125
2139,23.625,-27.125
2140,23.875,-27.125
2141,24.125,-27.125
2142,24.375,-27.125
2143,24.625,-27.125
2144,24.875,-27.125
2145,25.125,-27.125
2146,25.375,-27.125
2147,25.625,-27.125
2148,25.875,-27.125
2149,26.125,-27.125
2150,26.375,-27.125
2151,26.625,-27.125
2152,26.875,-27.125
2153,27.125,-27.125
2154,27.375,-27.125
2155,27.625,-27.125
2156,27.875,-27.125
2157,28.125,-27.125
2158,28.375,-27.125
2159,28.625,-27.125
2160,28.875,-27.125
2161,29.125,-27.125
2162,29.375,-27.125
2163,29.625,-27.125
2164,29.875,-27.125
2165,30.125,-27.125
2166,30.375,-27.125
2167,30.625,-27.125
2168,30.875,-27.125
2173,32.125,-27.125
2174,32.375,-27.125
2175,32.625,-27.125
2193,20.125,-26.875
2194,20.375,-26.875
2195,20.625,-26.875
2196,20.875,-26.875
2197,21.125,-26.875
2198,21.375,-26.875
2199,21.625,-26.875
2200,21.875,-26.875
2201,22.125,-26.875
2202,22.375,-26.875
2203,22.625,-26.875
2204,22.875,-26.875
2205,23.125,-26.875
2206,23.375,-26.875
2207,23.625,-26.875
2208,23.875,-26.875
2209,24.125,-26.875
2210,24.375,-26.875
2211,24.625,-26.875
2212,24.875,-26.875
2213,25.125,-26.875
2214,25.375,-26.875
2215,25.625,-26.875
2216,25.875,-26.875
2217,26.125,-26.875
2218,26.375,-26.875
2219,26.625,-26.875
2220,26.875,-26.875
2221,27.125,-26.875
2222,27.375,-26.875
2223,27.625,-26.875
2224,27.875,-26.875
2225,28.125,-26.875
2226,28.375,-26.875
2227,28.625,-26.875
2228,28.875,-26.875
2229,29.125,-26.875
2230,29.375,-26.875
2231,29.625,-26.875
2232,29.875,-26.875
2233,30.125,-26.875
2234,30.375,-26.875
2235,30.625,-26.875
2236,30.875,-26.875
2241,32.125,-26.875
2242,32.375,-26.875
2243,32.625,-26.875
2244,32.875,-26.875
2261,20.125,-26.625
2262,20.375,-26.625
2263,20.625,-26.625
2269,22.125,-26.625
2270,22.375,-26.625
2271,22.625,-26.625
2272,22.875,-26.625
2273,23.125,-26.625
2274,23.375,-26.625
2275,23.625,-26.625
2276,23.875,-26.625
2277,24.125,-26.625
2278,24.375,-26.625
2279,24.625,-26.625
2280,24.875,-26.625
2281,25.125,-26.625
2282,25.375,-26.625
2283,25.625,-26.625
2284,25.875,-26.625
2285,26.125,-26.625
2286,26.375,-26.625
2287,26.625,-26.625
2288,26.875,-26.625
2289,27.125,-26.625
2290,27.375,-26.625
2291,27.625,-26.625
2292,27.875,-26.625
2293,28.125,-26.625
2294,28.375,-26.625
2295,28.625,-26.625
2296,28.875,-26.625
2297,29.125,-26.625
2298,29.375,-26.625
2299,29.625,-26.625
2300,29.875,-26.625
2301,30.125,-26.625
2302,30.375,-26.625
2303,30.625,-26.625
2329,20.125,-26.375
2330,20.375,-26.375
2331,20.625,-26.375
2338,22.375,-26.375
2339,22.625,-26.375
2340,22.875,-26.375
2341,23.125,-26.375
2342,23.375,-26.375
2343,23.625,-26.375
2344,23.875,-26.375
2345,24.125,-26.375
2346,24.375,-26.375
2347,24.625,-26.375
2348,24.875,-26.375
2349,25.125,-26.375
2350,25.375,-26.375
2351,25.625,-26.375
2352,25.875,-26.375
2353,26.125,-26.375
2354,26.375,-26.375
2355,26.625,-26.375
2356,26.875,-26.375
2357,27.125,-26.375
2358,27.375,-26.375
2359,27.625,-26.375
2360,27.875,-26.375
2361,28.125,-26.375
2362,28.375,-26.375
2363,28.625,-26.375
2364,28.875,-26.375
2365,29.125,-26.375
2366,29.375,-26.375
2367,29.625,-26.375
2368,29.875,-26.375
2369,30.125,-26.375
2370,30.375,-26.375
2371,30.625,-26.375
2397,20.125,-26.125
2398,20.375,-26.125
2399,20.625,-26.125
2407,22.625,-26.125
2408,22.875,-26.125
2409,23.125,-26.125
2410,23.375,-26.125
2411,23.625,-26.125
2412,23.875,-26.125
2413,24.125,-26.125
2414,24.375,-26.125
2415,24.625,-26.125
2416,24.875,-26.125
2417,25.125,-26.125
2418,25.375,-26.125
2419,25.625,-26.125
2420,25.875,-26.125
2421,26.125,-26.125
2422,26.375,-26.125
2423,26.625,-26.125
2424,26.875,-26.125
2425,27.125,-26.125
2426,27.375,-26.125
2427,27.625,-26.125
2428,27.875,-26.125
2429,28.125,-26.125
2430,28.375,-26.125
2431,28.625,-26.125
2432,28.875,-26.125
2433,29.125,-26.125
2434,29.375,-26.125
2435,29.625,-26.125
2436,29.875,-26.125
2437,30.125,-26.125
2438,30.375,-26.125
2439,30.625,-26.125
2440,30.875,-26.125
2465,20.125,-25.875
2466,20.375,-25.875
2467,20.625,-25.875
2476,22.875,-25.875
2477,23.125,-25.875
2478,23.375,-25.875
2479,23.625,-25.875
2480,23.875,-25.875
2481,24.125,-25.875
2482,24.375,-25.875
2483,24.625,-25.875
2484,24.875,-25.875
2485,25.125,-25.875
2486,25.375,-25.875
2487,25.625,-25.875
2488,25.875,-25.875
2489,26.125,-25.875
2490,26.375,-25.875
2491,26.625,-25.875
2492,26.875,-25.875
2493,27.125,-25.875
2494,27.375,-25.875
2495,27.625,-25.875
2496,27.875,-25.875
2497,28.125,-25.875
2498,28.375,-25.875
2499,28.625,-25.875
2500,28.875,-25.875
2501,29.125,-25.875
2502,29.375,-25.875
2503,29.625,-25.875
2504,29.875,-25.875
2505,30.125,-25.875
2506,30.375,-25.875
2507,30.625,-25.875
2508,30.875,-25.875
2509,31.125,-25.875
2512,31.875,-25.875
2533,20.125,-25.625
2534,20.375,-25.625
2535,20.625,-25.625
2544,22.875,-25.625
2545,23.125,-25.625
2546,23.375,-25.625
2547,23.625,-25.625
2548,23.875,-25.625
2555,25.625,-25.625
2556,25.875,-25.625
2557,26.125,-25.625
2558,26.375,-25.625
2559,26.625,-25.625
2560,26.875,-25.625
2561,27.125,-25.625
2562,27.375,-25.625
2563,27.625,-25.625
2564,27.875,-25.625
2565,28.125,-25.625
2566,28.375,-25.625
2567,28.625,-25.625
2568,28.875,-25.625
2569,29.125,-25.625
2570,29.375,-25.625
2571,29.625,-25.625
2572,29.875,-25.625
2573,30.125,-25.625
2574,30.375,-25.625
2575,30.625,-25.625
2576,30.875,-25.625
2577,31.125,-25.625
2578,31.375,-25.625
2579,31.625,-25.625
2580,31.875,-25.625
2601,20.125,-25.375
2602,20.375,-25.375
2613,23.125,-25.375
2614,23.375,-25.375
2624,25.875,-25.375
2625,26.125,-25.375
2626,26.375,-25.375
2627,26.625,-25.375
2628,26.875,-25.375
2629,27.125,-25.375
2630,27.375,-25.375
2631,27.625,-25.375
2632,27.875,-25.375
2633,28.125,-25.375
2634,28.375,-25.375
2635,28.625,-25.375
2636,28.875,-25.375
2637,29.125,-25.375
2638,29.375,-25.375
2639,29.625,-25.375
2640,29.875,-25.375
2641,30.125,-25.375
2642,30.375,-25.375
2643,30.625,-25.375
2644,30.875,-25.375
2645,31.125,-25.375
2646,31.375,-25.375
2647,31.625,-25.375
2648,31.875,-25.375
2669,20.125,-25.125
2670,20.375,-25.125
2692,25.875,-25.125
2693,26.125,-25.125
2694,26.375,-25.125
2695,26.625,-25.125
2696,26.875,-25.125
2697,27.125,-25.125
2698,27.375,-25.125
2699,27.625,-25.125
2700,27.875,-25.125
2701,28.125,-25.125
2702,28.375,-25.125
2703,28.625,-25.125
2704,28.875,-25.125
2705,29.125,-25.125
2706,29.375,-25.125
2707,29.625,-25.125
2708,29.875,-25.125
2709,30.125,-25.125
2710,30.375,-25.125
2711,30.625,-25.125
2712,30.875,-25.125
2713,31.125,-25.125
2714,31.375,-25.125
2715,31.625,-25.125
2716,31.875,-25.125
2761,26.125,-24.875
2762,26.375,-24.875
2763,26.625,-24.875
2764,26.875,-24.875
2765,27.125,-24.875
2766,27.375,-24.875
2767,27.625,-24.875
2768,27.875,-24.875
2769,28.125,-24.875
2770,28.375,-24.875
2771,28.625,-24.875
2772,28.875,-24.875
2773,29.125,-24.875
2774,29.375,-24.875
2775,29.625,-24.875
2776,29.875,-24.875
2777,30.125,-24.875
2778,30.375,-24.875
2779,30.625,-24.875
2780,30.875,-24.875
2781,31.125,-24.875
2782,31.375,-24.875
2783,31.625,-24.875
2784,31.875,-24.875
2831,26.625,-24.625
2832,26.875,-24.625
2833,27.125,-24.625
2834,27.375,-24.625
2835,27.625,-24.625
2836,27.875,-24.625
2837,28.125,-24.625
2838,28.375,-24.625
2839,28.625,-24.625
2840,28.875,-24.625
2841,29.125,-24.625
2842,29.375,-24.625
2843,29.625,-24.625
2844,29.875,-24.625
2845,30.125,-24.625
2846,30.375,-24.625
2847,30.625,-24.625
2848,30.875,-24.625
2849,31.125,-24.625
2850,31.375,-24.625
2851,31.625,-24.625
2852,31.875,-24.625
2900,26.875,-24.375
2901,27.125,-24.375
2902,27.375,-24.375
2903,27.625,-24.375
2904,27.875,-24.375
2905,28.125,-24.375
2906,28.375,-24.375
2907,28.625,-24.375
2908,28.875,-24.375
2909,29.125,-24.375
2910,29.375,-24.375
2911,29.625,-24.375
2912,29.875,-24.375
2913,30.125,-24.375
2914,30.375,-24.375
2915,30.625,-24.375
2916,30.875,-24.375
2917,31.125,-24.375
2918,31.375,-24.375
2919,31.625,-24.375
2920,31.875,-24.375
2968,26.875,-24.125
2969,27.125,-24.125
2970,27.375,-24.125
2971,27.625,-24.125
2972,27.875,-24.125
2973,28.125,-24.125
2974,28.375,-24.125
2975,28.625,-24.125
2976,28.875,-24.125
2977,29.125,-24.125
2978,29.375,-24.125
2979,29.625,-24.125
2980,29.875,-24.125
2981,30.125,-24.125
2982,30.375,-24.125
2983,30.625,-24.125
2984,30.875,-24.125
2985,31.125,-24.125
2986,31.375,-24.125
2987,31.625,-24.125
2988,31.875,-24.125
3037,27.125,-23.875
3038,27.375,-23.875
3039,27.625,-23.875
3040,27.875,-23.875
3041,28.125,-23.875
3042,28.375,-23.875
3043,28.625,-23.875
3044,28.875,-23.875
3045,29.125,-23.875
3046,29.375,-23.875
3047,29.625,-23.875
3048,29.875,-23.875
3049,30.125,-23.875
3050,30.375,-23.875
3051,30.625,-23.875
3052,30.875,-23.875
3053,31.125,-23.875
3054,31.375,-23.875
3055,31.625,-23.875
3105,27.125,-23.625
3106,27.375,-23.625
3107,27.625,-23.625
3108,27.875,-23.625
3109,28.125,-23.625
3110,28.375,-23.625
3111,28.625,-23.625
3112,28.875,-23.625
3113,29.125,-23.625
3114,29.375,-23.625
3115,29.625,-23.625
3116,29.875,-23.625
3117,30.125,-23.625
3118,30.375,-23.625
3119,30.625,-23.625
3120,30.875,-23.625
3121,31.125,-23.625
3122,31.375,-23.625
3123,31.625,-23.625
3175,27.625,-23.375
3176,27.875,-23.375
3177,28.125,-23.375
3178,28.375,-23.375
3179,28.625,-23.375
3180,28.875,-23.375
3181,29.125,-23.375
3182,29.375,-23.375
3183,29.625,-23.375
3184,29.875,-23.375
3185,30.125,-23.375
3186,30.375,-23.375
3187,30.625,-23.375
3188,30.875,-23.375
3189,31.125,-23.375
3190,31.375,-23.375
3244,27.875,-23.125
3245,28.125,-23.125
3246,28.375,-23.125
3247,28.625,-23.125
3248,28.875,-23.125
3249,29.125,-23.125
3250,29.375,-23.125
3251,29.625,-23.125
3252,29.875,-23.125
3253,30.125,-23.125
3254,30.375,-23.125
3255,30.625,-23.125
3256,30.875,-23.125
3257,31.125,-23.125
3258,31.375,-23.125
3313,28.125,-22.875
3314,28.375,-22.875
3315,28.625,-22.875
3316,28.875,-22.875
3317,29.125,-22.875
3318,29.375,-22.875
3319,29.625,-22.875
3320,29.875,-22.875
3321,30.125,-22.875
3322,30.375,-22.875
3323,30.625,-22.875
3324,30.875,-22.875
3325,31.125,-22.875
3326,31.375,-22.875
3382,28.375,-22.625
3383,28.625,-22.625
3384,28.875,-22.625
3385,29.125,-22.625
3386,29.375,-22.625
3387,29.625,-22.625
3388,29.875,-22.625
3389,30.125,-22.625
3390,30.375,-22.625
3391,30.625,-22.625
3392,30.875,-22.625
3393,31.125,-22.625
3394,31.375,-22.625
3453,29.125,-22.375
3454,29.375,-22.375
3455,29.625,-22.375
3456,29.875,-22.375
3457,30.125,-22.375
3458,30.375,-22.375
3459,30.625,-22.375
3460,30.875,-22.375
3461,31.125,-22.375
